Seg0_Max,Seg0_Min,Seg1_Max,Seg1_Min,Seg2_Max,Seg2_Min,Seg3_Max,Seg3_Min,Integral,Period
0.004211,-5.592773,2.002441,-4.175903,2.489319,-2.053162,2.504333,-0.254150,-0.240861,        0.6855741739
-0.181458,-5.919250,1.657288,-2.687988,3.341492,-2.483826,3.156738,0.069580,-0.181295,        0.6666845083
0.069580,-5.423035,2.666748,-3.743774,3.072876,-2.110474,2.627930,0.142090,-0.191378,        0.6583429575
0.424805,-5.616211,2.960815,-2.447021,2.407471,-2.720581,1.898071,-0.170288,-0.225331,        0.6730899811
-0.261292,-5.564575,2.887390,-2.298889,1.667358,-1.004700,1.300415,-0.087341,-0.275181,        0.6616564989
-0.294617,-4.434448,3.344788,-4.601990,2.119629,-0.475342,1.173889,-0.327209,-0.271057,        0.6698200703
